Código del Set,Nombre del Set,Año de Lanzamiento,PVP,Precio como Nuevo,Precio como Usado,Valoración de Usuarios
4529,4529:  Iron Man,1 May 2012 - 31 Dec 2012 (8m),$14.99 | More,~€31.84,~€9.18,✭✭✭✭✩ 3.4 64 ratings
4530,4530:  The Hulk,1 May 2012 - 31 Dec 2012 (8m),$14.99 | More,~€30.12,~€8.28,✭✭✭✩✩ 3.1 50 ratings 2 reviews
4597,4597:  Captain America,1 May 2012 - 31 Dec 2012 (8m),$14.99 | More,~€38.33,~€11.54,✭✭✭✩✩ 3.1 38 ratings 2 reviews
6865,6865:  Captain America's Avenging Cycle,1 May 2012 - 31 Jul 2013 (1y 2m 29d),$12.99 | More,~€29.19,~€11.58,✭✭✭✭✩ 3.5 332 ratings 21 reviews Brickset review
6866,6866:  Wolverine's Chopper Showdown,1 May 2012 - 31 Dec 2013 (1y 8m),$19.99 | More,~€215.31,~€152.93,✭✭✭✭✩ 4.2 345 ratings 16 reviews
6867,6867:  Loki's Cosmic Cube Escape,1 May 2012 - 31 Dec 2013 (1y 8m),$19.99 | More,~€50.23,~€23.48,✭✭✭✭✩ 3.8 329 ratings 10 reviews Brickset review
6868,6868:  Hulk's Helicarrier Breakout,1 May 2012 - 31 Dec 2013 (1y 8m),$49.99 | More,~€76.28,~€43.84,✭✭✭✭✩ 3.7 212 ratings 8 reviews Brickset review
6869,6869:  Quinjet Aerial Battle,1 May 2012 - 31 Dec 2013 (1y 8m),$69.99 | More,~€106.15,~€58.25,✭✭✭✭✩ 4.2 229 ratings 8 reviews Brickset review
6873,6873:  Spider-Man's Doc Ock Ambush,1 Aug 2012 - 31 Dec 2013 (1y 4m 30d),$29.99 | More,~€52.67,~€32.29,✭✭✭✭✩ 3.6 127 ratings 7 reviews
10781,10781:  Spider-Man's Techno Trike,1 Jan 2022 - 31 Dec 2023 (1y 11m 28d),"$9.99, €9.99 | More",~€12.14,Precio usado no disponible,✭✭✭✩✩ 3.0 44 ratings
10782,10782:  Hulk vs. Rhino Truck Showdown,1 Jan 2022 - {t.b.a},"$19.99, €19.99 | More",Precio nuevo no disponible,Precio usado no disponible,✭✭✭✭✩ 3.3 70 ratings
10783,10783:  Spider-Man at Doc Ock's Lab,1 Jan 2022 - 31 Dec 2022 (11m 29d),"$29.99, €29.99 | More",~€38.58,~€24.33,
10784,10784:  Spider-Man Webquarters Hangout,1 Jan 2022 - 31 Dec 2023 (1y 11m 28d),"$49.99, €49.99 | More",~€47.13,Precio usado no disponible,✭✭✭✭✩ 3.3 21 ratings
10789,10789:  Spider-Man's Car and Doc Ock,1 Mar 2023 - {t.b.a},"$9.99, €9.99 | More",Precio nuevo no disponible,Precio usado no disponible,✭✭✭✭✩ 3.4 27 ratings
10790,10790:  Team Spidey at Green Goblin's Lighthouse,1 Mar 2023 - 31 Dec 2023 (10m),"$34.99, €34.99 | More",~€27.95,Precio usado no disponible,
10791,10791:  Team Spidey's Mobile Headquarters,1 Mar 2023 - 31 Dec 2024 (1y 10m 1d),"$49.99, €49.99 | More",Precio nuevo no disponible,Precio usado no disponible,
10792,10792:  Drill Spinner Vehicle,1 Mar 2024 - 31 Dec 2024 (10m),"$9.99, €9.99 | More",Precio nuevo no disponible,Precio usado no disponible,
10793,10793:  Spidey vs. Green Goblin,1 Mar 2024 - 31 Dec 2024 (10m),"$19.99, €19.99 | More",Precio nuevo no disponible,Precio usado no disponible,
10794,10794:  Team Spidey Web Spinner Headquarters,1 Mar 2024 - {t.b.a},"$54.99, €54.99 | More",Precio nuevo no disponible,Precio usado no disponible,
30162,30162:  Quinjet,Año no disponible,PVP no disponible,~€3.48,~€1.30,✭✭✭✭✩ 3.3 65 ratings 3 reviews
30163,30163:  Thor and the Cosmic Cube,Año no disponible,$4.99,~€7.77,~€6.99,✭✭✭✭✩ 3.5 96 ratings 4 reviews
30165,30165:  Hawkeye with equipment,Año no disponible,PVP no disponible,~€8.33,~€3.79,✭✭✭✭✩ 3.3 88 ratings 4 reviews
30167,30167:  Iron Man vs. Fighting Drone,1 Jan 2013 - 31 Dec 2013 (11m 29d),$4.99,~€18.03,~€11.60,✭✭✭✭✩ 3.3 87 ratings 2 reviews
30168,30168:  Gun mounting system,Año no disponible,PVP no disponible,~€81.64,~€58.90,✭✭✭✭✭ 4.3 141 ratings 4 reviews
30302,30302:  Spider-Man,1 Jan 2014 - 31 Dec 2014 (11m 29d),$3.99,~€7.35,~€3.29,✭✭✭✩✩ 3.1 73 ratings 2 reviews
30304,30304:  The Avengers Quinjet,1 Mar 2015 - 31 Dec 2015 (10m),PVP no disponible,~€6.52,~€4.49,✭✭✭✭✩ 3.6 36 ratings 1 review Brickset review
30305,30305:  Spider-Man Super Jumper,1 Mar 2015 - 31 Dec 2015 (10m),PVP no disponible,~€4.71,~€3.06,✭✭✭✩✩ 3.1 153 ratings 2 reviews
30443,30443:  Spider-Man Bridge Battle,17 Jan 2022 - 31 Dec 2022 (11m 13d),PVP no disponible,~€6.13,~€3.38,✭✭✭✭✩ 4.0 97 ratings 3 reviews Brickset review
30447,30447:  Captain America's Motorcycle,1 Mar 2016 - 31 Dec 2016 (10m),PVP no disponible,~€10.33,~€9.04,✭✭✭✭✩ 3.7 218 ratings 3 reviews
30448,30448:  Spider-Man vs. The Venom Symbiote,1 Mar 2016 - 31 Dec 2016 (10m),PVP no disponible,~€25.18,~€11.95,✭✭✭✭✩ 4.0 81 ratings 3 reviews Brickset review
30449,30449:  The Milano,1 Mar 2017 - 31 Dec 2017 (10m),PVP no disponible,~€7.49,~€3.40,✭✭✭✭✩ 3.8 139 ratings 2 reviews Brickset review
30450,30450:  Royal Talon Fighter,1 Jan 2018 - 31 Dec 2018 (11m 29d),$3.99 | More,~€4.32,~€2.03,✭✭✭✭✩ 3.5 89 ratings 3 reviews
30451,30451:  Spider-Man's Mini Spider Crawler,1 Jan 2019 - 31 Dec 2019 (11m 29d),PVP no disponible,~€8.24,~€1.65,✭✭✭✭✩ 3.7 123 ratings 4 reviews
30452,30452:  Iron Man and Dum-E,31 Mar 2019 - 31 Dec 2020 (1y 9m 1d),PVP no disponible,~€6.35,~€3.40,✭✭✭✭✩ 3.8 259 ratings 5 reviews
30453,30453:  Captain Marvel and Nick Fury,1 Jan 2020 - 31 Dec 2020 (11m 30d),"$4.99, €3.99 | More",~€5.31,~€7.57,✭✭✭✭✩ 3.9 319 ratings 7 reviews Brickset review
30454,30454:  Shang-Chi and The Great Protector,26 Apr 2021 - 31 Dec 2021 (8m 5d),PVP no disponible,~€4.57,~€0.82,✭✭✭✭✩ 3.6 145 ratings 1 review Brickset review
30525,30525:  The Guardians' Ship,3 Mar 2018 - 31 Dec 2018 (9m 29d),"$3.99, €3.49 | More",~€4.22,~€1.39,✭✭✭✭✩ 3.7 178 ratings 5 reviews Brickset review
30610,30610:  Giant-Man Hank Pym,Año no disponible,PVP no disponible,~€21.05,~€13.92,✭✭✭✭✩ 3.6 71 ratings 2 reviews
30652,30652:  Doctor Strange's Interdimensional Portal,1 Feb 2023 - 31 Dec 2023 (10m 28d),$4.99,~€4.28,~€2.99,✭✭✭✭✩ 4.1 163 ratings 5 reviews Brickset review
30679,30679:  Venom Street Bike,1 Feb 2024 - 31 Dec 2024 (10m 29d),PVP no disponible,~€3.81,Precio usado no disponible,✭✭✭✭✩ 3.8 35 ratings
30707,30707:  Venom's Museum Heist,Año no disponible,PVP no disponible,Precio nuevo no disponible,Precio usado no disponible,
40334,40334:  Avengers Tower,31 Mar 2019 - 31 Dec 2019 (9m 1d),$19.99 | More,~€30.77,~€23.61,✭✭✭✭✩ 4.0 234 ratings 2 reviews Brickset review
40343,40343:  Spider-Man and the Museum Break-In,1 Jun 2019 - 31 Dec 2019 (6m 30d),"$14.99, €14.61 | More",~€32.82,~€27.82,✭✭✭✭✩ 3.7 201 ratings 2 reviews Brickset review
40418,40418:  Falcon & Black Widow Team-Up,1 Jun 2020 - 31 Dec 2020 (6m 30d),"$14.99, €14.99 | More",~€13.46,~€11.95,✭✭✭✭✩ 3.7 121 ratings 1 review Brickset review
40454,40454:  Spider-Man versus Venom and Iron Venom,1 Apr 2021 - 31 Dec 2022 (1y 8m 30d),"$14.99, €14.99 | More",~€23.40,~€6.56,✭✭✭✭✩ 3.6 100 ratings
40525,40525:  Endgame Battle,1 Apr 2022 - 31 Dec 2022 (9m),"$14.99, €14.99 | More",~€13.41,Precio usado no disponible,✭✭✭✭✩ 3.9 139 ratings 1 review Brickset review
66635,66635:  Super mech pack,1 Aug 2020 - 31 Dec 2020 (4m 30d),PVP no disponible,~€34.33,Precio usado no disponible,
66671,66671:  Mech Armor Collection,1 Aug 2021 - 31 Dec 2022 (1y 4m 30d),PVP no disponible,~€48.57,Precio usado no disponible,
66711,66711:  Infinity Saga Collection,1 Aug 2022 - 31 Dec 2022 (4m 30d),PVP no disponible,~€67.65,Precio usado no disponible,✭✭✭✭✩ 4.0 20 ratings
66785,66785:  Marvel Universe Gift Set,Año no disponible,PVP no disponible,Precio nuevo no disponible,Precio usado no disponible,
75997,75997:  Ant-Man and the Wasp,Año no disponible,PVP no disponible,~€94.40,~€60.29,1 review
76004,76004:  Spider-Man: Spider-Cycle Chase,1 Jan 2013 - 31 Dec 2014 (1y 11m 28d),$19.99 | More,~€34.09,~€14.67,✭✭✭✭✩ 4.0 265 ratings 10 reviews
76005,76005:  Spider-Man: Daily Bugle Showdown,1 Jan 2013 - 31 Dec 2014 (1y 11m 28d),$49.99 | More,~€101.73,~€86.21,✭✭✭✭✩ 4.1 210 ratings 3 reviews
76006,76006:  Iron Man: Extremis Sea Port Battle,7 Mar 2013 - 31 Dec 2014 (1y 9m 24d),$19.99 | More,~€41.74,~€23.81,✭✭✭✭✩ 3.4 314 ratings 8 reviews
76007,76007:  Iron Man: Malibu Mansion Attack,7 Mar 2013 - 31 Dec 2014 (1y 9m 24d),$39.99 | More,~€81.26,~€45.25,✭✭✭✭✩ 3.9 245 ratings 4 reviews
76008,76008:  Iron Man vs. The Mandarin: Ultimate Showdown,7 Mar 2013 - 31 Dec 2014 (1y 9m 24d),$12.99 | More,~€31.98,~€19.72,✭✭✭✩✩ 2.9 246 ratings 4 reviews
76014,76014:  Spider-Trike vs. Electro,1 Mar 2014 - 31 Jul 2015 (1y 4m 30d),"$12.99, €14.99 | More",~€20.04,~€10.72,✭✭✭✩✩ 2.9 203 ratings 5 reviews
76015,76015:  Doc Ock Truck Heist,1 Mar 2014 - 31 Dec 2015 (1y 10m),"$19.99, €24.99 | More",~€55.69,~€19.94,✭✭✭✭✩ 3.9 216 ratings 5 reviews
76016,76016:  Spider-Helicopter Rescue,1 Mar 2014 - 31 Jul 2015 (1y 4m 30d),"$44.99, €49.99 | More",~€56.42,~€39.09,✭✭✭✩✩ 3.1 98 ratings 1 review
76017,76017:  Avengers: Captain America vs. Hydra,1 Mar 2014 - 31 Dec 2015 (1y 10m),"$19.99, €24.99 | More",~€35.42,~€15.13,✭✭✭✭✩ 3.7 262 ratings 5 reviews
76018,76018:  Avengers: Hulk Lab Smash,1 Mar 2014 - 31 Dec 2015 (1y 10m),"$49.99, €59.99 | More",~€82.56,~€56.05,✭✭✭✭✩ 3.9 177 ratings 2 reviews
76019,76019:  Starblaster Showdown,1 Jun 2014 - 31 Jul 2015 (1y 1m 29d),"$19.99, €24.99 | More",~€52.21,~€27.68,✭✭✭✭✩ 3.6 295 ratings 5 reviews
76020,76020:  Knowhere Escape Mission,1 Jun 2014 - 31 Dec 2015 (1y 6m 30d),"$39.99, €49.99 | More",~€46.38,~€35.43,✭✭✭✭✩ 3.6 266 ratings 3 reviews
76021,76021:  The Milano Spaceship Rescue,1 Jun 2014 - 31 Jul 2015 (1y 1m 29d),"$74.99, €79.99 | More",~€138.84,~€126.86,✭✭✭✭✭ 4.4 326 ratings 5 reviews
76022,76022:  X-Men vs. The Sentinel,1 Jun 2014 - 31 Jul 2015 (1y 1m 29d),"$49.99, €49.99 | More",~€99.63,~€90.38,✭✭✭✭✩ 4.1 262 ratings 4 reviews Brickset review
76029,76029:  Iron Man vs. Ultron,1 Mar 2015 - 31 Dec 2016 (1y 10m 1d),"$12.99, €14.99 | More",~€30.92,~€15.66,✭✭✭✭✩ 3.3 362 ratings 5 reviews Brickset review
76030,76030:  Avengers Hydra Showdown,1 Mar 2015 - 31 Dec 2016 (1y 10m 1d),"$19.99, €19.99 | More",~€34.15,~€15.00,✭✭✭✭✩ 3.5 313 ratings 7 reviews Brickset review
76031,76031:  The Hulk Buster Smash,1 Mar 2015 - 31 Dec 2016 (1y 10m 1d),"$29.99, €34.99 | More",~€72.37,~€35.65,✭✭✭✭✩ 4.1 561 ratings 9 reviews
76032,76032:  The Avengers Quinjet City Chase,1 Mar 2015 - 31 Dec 2016 (1y 10m 1d),"$79.99, €79.99 | More",~€100.34,~€69.31,✭✭✭✭✩ 4.0 286 ratings 4 reviews
76036,76036:  Carnage's SHIELD Sky Attack,1 Jun 2015 - 31 Dec 2016 (1y 7m),"$12.99, €14.99 | More",~€32.46,~€9.89,✭✭✭✭✩ 3.9 314 ratings 7 reviews Brickset review
76037,76037:  Rhino and Sandman Super Villain Team-up,1 Jun 2015 - 31 Dec 2016 (1y 7m),"$39.99, €49.99 | More",~€73.40,~€36.98,✭✭✭✭✩ 3.7 176 ratings 2 reviews Brickset review
76038,76038:  Attack on Avengers Tower,1 Mar 2015 - 31 Dec 2016 (1y 10m 1d),"$59.99, €69.99 | More",~€142.07,~€73.30,✭✭✭✭✩ 4.1 256 ratings 6 reviews
76039,76039:  Ant-Man Final Battle,1 Jun 2015 - 31 Dec 2015 (6m 30d),"$19.99, €24.99 | More",~€63.53,~€46.37,✭✭✭✭✩ 4.0 293 ratings 6 reviews
76041,76041:  The Hydra Fortress Smash,1 Mar 2015 - 31 Dec 2015 (10m),"$49.99, €59.99 | More",~€102.38,~€77.01,✭✭✭✭✩ 3.5 131 ratings 4 reviews Brickset review
76042,76042:  The SHIELD Helicarrier,1 Mar 2015 - 31 Dec 2017 (2y 10m 1d),"$349.99, €349.99 | More",~€427.75,~€328.18,✭✭✭✭✭ 4.4 260 ratings 4 reviews Brickset review
76047,76047:  Black Panther Pursuit,1 Mar 2016 - 31 Dec 2017 (1y 10m),"$29.99, €34.99 | More",~€45.43,~€14.51,✭✭✭✭✩ 3.8 352 ratings 9 reviews
76048,76048:  Iron Skull Sub Attack,1 Jan 2016 - 31 Dec 2016 (11m 30d),"$29.99, €34.99 | More",~€54.67,~€36.79,✭✭✭✭✩ 3.7 227 ratings 4 reviews
76049,76049:  Avenjet Space Mission,1 Jan 2016 - 31 Dec 2016 (11m 30d),"$59.99, €69.99 | More",~€121.63,~€75.08,✭✭✭✭✩ 3.9 210 ratings 4 reviews Brickset review
76050,76050:  Crossbones' Hazard Heist,1 Mar 2016 - 31 Dec 2016 (10m),"$19.99, €24.99 | More",~€25.97,~€13.52,✭✭✭✭✩ 3.6 376 ratings 8 reviews Brickset review
76051,76051:  Super Hero Airport Battle,1 Mar 2016 - 31 Dec 2017 (1y 10m),"$79.99, €79.99 | More",~€110.19,~€114.87,✭✭✭✭✩ 4.2 396 ratings 10 reviews Brickset review
76057,76057:  Spider-Man: Web Warriors Ultimate Bridge Battle,1 Jun 2016 - 31 Dec 2017 (1y 6m 30d),"$99.99, €99.99 | More",~€212.93,~€170.93,✭✭✭✭✭ 4.5 336 ratings 4 reviews Brickset review
76058,76058:  Spider-Man: Ghost Rider Team-Up,1 Jun 2016 - 31 Dec 2017 (1y 6m 30d),"$19.99, €24.99 | More",~€61.13,~€33.01,✭✭✭✭✩ 4.1 408 ratings 11 reviews Brickset review
76059,76059:  Spider-Man: Doc Ock's Tentacle Trap,1 Jun 2016 - 31 Dec 2017 (1y 6m 30d),"$39.99, €49.99 | More",~€52.60,~€39.41,✭✭✭✭✩ 3.7 169 ratings 2 reviews
76060,76060:  Doctor Strange's Sanctum Sanctorum,1 Aug 2016 - 31 Jul 2017 (11m 29d),"$29.99, €34.99 | More",~€43.04,~€32.24,✭✭✭✭✩ 4.1 432 ratings 8 reviews Brickset review
76064,76064:  Mighty Micros: Spider-Man vs. Green Goblin,1 Mar 2016 - 31 Dec 2016 (10m),"$9.99, €9.99 | More",~€13.29,~€5.19,✭✭✭✭✩ 3.3 144 ratings 2 reviews Brickset review
76065,76065:  Mighty Micros: Captain America vs. Red Skull,1 Mar 2016 - 31 Dec 2016 (10m),"$9.99, €9.99 | More",~€13.92,~€7.25,✭✭✭✭✩ 3.4 140 ratings 2 reviews
76066,76066:  Mighty Micros: Hulk vs. Ultron,1 Mar 2016 - 31 Dec 2016 (10m),"$9.99, €9.99 | More",~€21.79,~€7.54,✭✭✭✭✩ 3.5 142 ratings
76067,76067:  Tanker Truck Takedown,1 Aug 2016 - 31 Dec 2017 (1y 4m 30d),"$29.99, €34.99 | More",~€75.76,~€50.22,✭✭✭✭✩ 3.9 202 ratings 5 reviews Brickset review
76071,76071:  Mighty Micros: Spider-Man vs. Scorpion,1 Jan 2017 - 31 Dec 2017 (11m 29d),"$9.99, €9.99 | More",~€23.30,~€8.31,✭✭✭✭✩ 3.4 90 ratings
76072,76072:  Mighty Micros: Iron Man vs. Thanos,1 Jan 2017 - 31 Dec 2017 (11m 29d),"$9.99, €9.99 | More",~€20.34,~€10.69,✭✭✭✭✩ 3.9 172 ratings 2 reviews Brickset review
76073,76073:  Mighty Micros: Wolverine vs. Magneto,1 Jan 2017 - 31 Dec 2017 (11m 29d),"$9.99, €9.99 | More",~€21.03,~€9.13,✭✭✭✭✩ 3.7 144 ratings 2 reviews
76076,76076:  Captain America Jet Pursuit,1 Jan 2017 - 31 Jul 2018 (1y 6m 28d),"$19.99, €24.99 | More",~€51.03,~€19.25,✭✭✭✭✩ 3.5 186 ratings 2 reviews Brickset review
76077,76077:  Iron Man: Detroit Steel Strikes,1 Jan 2017 - 31 Dec 2018 (1y 11m 28d),"$29.99, €34.99 | More",~€60.80,~€38.77,✭✭✭✭✩ 3.9 289 ratings 2 reviews
76078,76078:  Hulk vs. Red Hulk,1 Jan 2017 - 31 Dec 2018 (1y 11m 28d),$59.99 | More,~€147.30,~€111.36,✭✭✭✭✩ 3.3 120 ratings 2 reviews
76079,76079:  Ravager Attack,1 Mar 2017 - 31 Dec 2017 (10m),"$19.99, €24.99 | More",~€36.68,~€23.07,✭✭✭✭✩ 3.6 312 ratings 2 reviews
76080,76080:  Ayesha's Revenge,1 Mar 2017 - 31 Dec 2017 (10m),"$29.99, €34.99 | More",~€61.80,~€57.96,✭✭✭✭✩ 3.9 354 ratings 3 reviews
76081,76081:  The Milano vs. The Abilisk,1 Mar 2017 - 31 Dec 2017 (10m),"$49.99, €49.99 | More",~€130.47,~€92.77,✭✭✭✭✩ 4.0 314 ratings 1 review Brickset review
76082,76082:  ATM Heist Battle,1 Jun 2017 - 31 Dec 2018 (1y 6m 30d),"$19.99, €24.99 | More",~€31.59,~€16.88,✭✭✭✭✩ 3.6 267 ratings 1 review Brickset review
76083,76083:  Beware the Vulture,1 Jun 2017 - 31 Dec 2018 (1y 6m 30d),"$39.99, €39.99 | More",~€61.83,~€39.95,✭✭✭✭✩ 4.1 356 ratings 4 reviews Brickset review
76084,76084:  The Ultimate Battle for Asgard,1 Jun 2017 - 31 Jul 2018 (1y 1m 29d),"$49.99, €49.99 | More",~€78.30,~€64.63,✭✭✭✭✩ 3.8 250 ratings 2 reviews Brickset review
76088,76088:  Thor vs. Hulk: Arena Clash,1 Jun 2017 - 31 Jul 2018 (1y 1m 29d),"$59.99, €59.99 | More",~€117.73,~€85.42,✭✭✭✭✩ 3.7 201 ratings 2 reviews Brickset review
76089,76089:  Mighty Micros: Scarlet Spider vs. Sandman,1 Jan 2018 - 31 Dec 2018 (11m 29d),"$9.99, €9.99 | More",~€12.90,~€13.92,✭✭✭✭✩ 3.5 75 ratings 1 review
76090,76090:  Mighty Micros: Star-Lord vs. Nebula,1 Jan 2018 - 31 Dec 2018 (11m 29d),"$9.99, €9.99 | More",~€12.39,~€8.84,✭✭✭✭✩ 3.5 92 ratings 1 review Brickset review
76091,76091:  Mighty Micros: Thor vs. Loki,1 Jan 2018 - 31 Dec 2018 (11m 29d),"$9.99, €9.99 | More",~€16.13,~€6.96,✭✭✭✭✩ 3.5 80 ratings 2 reviews
76099,76099:  Rhino Face-Off by the Mine,1 Jan 2018 - 31 Dec 2018 (11m 29d),"$19.99, €24.99 | More",~€30.95,~€13.92,✭✭✭✭✩ 3.7 327 ratings 5 reviews Brickset review
76100,76100:  Royal Talon Fighter Attack,1 Jan 2018 - 31 Dec 2018 (11m 29d),"$29.99, €34.99 | More",~€50.33,~€36.00,✭✭✭✭✩ 4.0 278 ratings 4 reviews
76101,76101:  Outrider Dropship Attack,3 Mar 2018 - 31 Jul 2019 (1y 4m 28d),"$14.99, €14.99 | More",~€15.20,~€9.26,✭✭✭✭✩ 3.6 584 ratings 13 reviews Brickset review
76102,76102:  Thor's Weapon Quest,3 Mar 2018 - 31 Jul 2019 (1y 4m 28d),"$19.99, €24.99 | More",~€43.23,~€18.33,✭✭✭✭✩ 3.9 705 ratings 13 reviews Brickset review
76103,76103:  Corvus Glaive Thresher Attack,3 Mar 2018 - 31 Dec 2018 (9m 29d),"$39.99, €39.99 | More",~€96.63,~€40.82,✭✭✭✭✩ 3.6 321 ratings 3 reviews Brickset review
76104,76104:  The Hulkbuster Smash-Up,3 Mar 2018 - 31 Dec 2019 (1y 9m 28d),"$29.99, €34.99 | More",~€45.29,~€20.61,✭✭✭✭✩ 4.0 576 ratings 7 reviews Brickset review
76105,76105:  The Hulkbuster: Ultron Edition,3 Mar 2018 - 31 Dec 2019 (1y 9m 28d),"$119.99, €129.99 | More",~€149.30,~€98.45,✭✭✭✭✩ 4.2 258 ratings 1 review Brickset review
76107,76107:  Thanos: Ultimate Battle,3 Mar 2018 - 31 Dec 2019 (1y 9m 28d),"$69.99, €79.99 | More",~€86.06,~€51.22,✭✭✭✭✩ 4.2 583 ratings 6 reviews Brickset review
76108,76108:  Sanctum Sanctorum Showdown,3 Mar 2018 - 31 Dec 2019 (1y 9m 28d),"$99.99, €99.99 | More",~€178.60,~€114.81,✭✭✭✭✭ 4.4 552 ratings 6 reviews
76109,76109:  Quantum Realm Explorers,1 Jun 2018 - 31 Dec 2019 (1y 6m 30d),"$19.99, €24.99 | More",~€33.26,~€26.16,✭✭✭✭✩ 3.9 396 ratings 8 reviews Brickset review
76113,76113:  Spider-Man Bike Rescue,Año no disponible,"$19.99, €24.36 | More",~€54.19,~€10.41,✭✭✭✭✩ 3.5 199 ratings 7 reviews Brickset review
76114,76114:  Spider-Man's Spider Crawler,Año no disponible,"$39.99, €38.98 | More",~€98.11,~€69.10,✭✭✭✭✩ 3.8 177 ratings 2 reviews Brickset review
76115,76115:  Spider Mech vs. Venom,Año no disponible,"$49.99, €48.73 | More",~€94.13,~€23.71,✭✭✭✭✩ 4.0 181 ratings 3 reviews Brickset review
76123,76123:  Captain America: Outriders Attack,1 Apr 2019 - 31 Dec 2020 (1y 9m),"$19.99, €24.36 | More",~€20.80,~€10.01,✭✭✭✩✩ 3.0 291 ratings 3 reviews Brickset review
76124,76124:  War Machine Buster,1 Apr 2019 - 31 Dec 2020 (1y 9m),"$34.99, €34.11 | More",~€46.02,~€26.72,✭✭✭✭✩ 3.8 318 ratings 1 review Brickset review
76125,76125:  Iron Man Hall of Armor,1 Apr 2019 - 31 Dec 2021 (2y 9m),"$59.99, €59.99 | More",~€46.89,~€38.28,✭✭✭✭✩ 4.1 503 ratings 3 reviews Brickset review
76126,76126:  Avengers Ultimate Quinjet,1 Apr 2019 - 31 Dec 2020 (1y 9m),"$79.99, €77.97 | More",~€79.52,~€64.90,✭✭✭✭✩ 4.1 282 ratings 3 reviews
76127,76127:  Captain Marvel and The Skrull Attack,1 Jan 2019 - 31 Dec 2020 (1y 11m 29d),"$29.99, €29.23 | More",~€34.81,~€20.39,✭✭✭✭✩ 3.6 245 ratings 5 reviews Brickset review
76128,76128:  Molten Man Battle,22 Apr 2019 - 31 Dec 2020 (1y 8m 10d),"$29.99, €29.23 | More",~€45.05,~€23.54,✭✭✭✭✩ 3.9 273 ratings 6 reviews Brickset review
76129,76129:  Hydro-Man Attack,22 Apr 2019 - 31 Dec 2019 (8m 9d),"$39.99, €39.99 | More",~€37.71,~€18.55,✭✭✭✭✩ 4.1 299 ratings 4 reviews
76130,76130:  Stark Jet and the Drone Attack,22 Apr 2019 - 31 Dec 2020 (1y 8m 10d),"$69.99, €58.48 | More",~€59.55,~€36.15,✭✭✭✭✩ 3.7 159 ratings
76131,76131:  Avengers Compound Battle,1 Apr 2019 - 31 Dec 2020 (1y 9m),"$99.99, €97.47 | More",~€78.36,~€83.39,✭✭✭✭✩ 3.5 240 ratings 1 review
76133,76133:  Spider-Man Car Chase,Año no disponible,"$9.99, €9.99 | More",~€10.59,~€2.04,✭✭✭✭✩ 3.4 115 ratings 2 reviews Brickset review
76134,76134:  Spider-Man: Doc Ock Diamond Heist,Año no disponible,"$29.99, €29.99 | More",~€38.38,~€7.50,✭✭✭✭✩ 3.4 29 ratings Brickset review
76140,76140:  Iron Man Mech,1 Jan 2020 - 31 Dec 2021 (1y 11m 29d),"$9.99, €9.99 | More",~€14.26,~€6.96,✭✭✭✭✩ 3.5 252 ratings 2 reviews Brickset review
76141,76141:  Thanos Mech,1 Jan 2020 - 31 Jul 2021 (1y 6m 29d),"$9.99, €9.99 | More",~€13.09,~€6.30,✭✭✭✭✩ 3.7 243 ratings 4 reviews Brickset review
76142,76142:  Avengers Speeder Bike Attack,1 Jan 2020 - 31 Dec 2020 (11m 30d),"$19.99, €24.36 | More",~€25.69,~€16.39,✭✭✭✭✩ 3.4 112 ratings 2 reviews Brickset review
76143,76143:  Avengers Truck Take-down,1 Jan 2020 - 31 Jul 2021 (1y 6m 29d),"$39.99, €39.99 | More",~€33.69,~€27.83,✭✭✭✭✩ 3.5 94 ratings 3 reviews
76144,76144:  Avengers Hulk Helicopter Rescue,1 Dec 2019 - 31 Dec 2020 (1y 1m),"$59.99, €58.48 | More",~€61.48,~€51.39,✭✭✭✭✩ 3.4 152 ratings 1 review Brickset review
76145,76145:  Eternals' Aerial Assault,1 Oct 2021 - 31 Dec 2022 (1y 2m 29d),"$9.99, €9.99 | More",~€6.11,~€5.56,✭✭✭✭✩ 3.3 160 ratings 1 review Brickset review
76146,76146:  Spider-Man Mech,1 Jan 2020 - 31 Dec 2021 (1y 11m 29d),"$9.99, €9.99 | More",~€21.81,~€7.64,✭✭✭✭✩ 3.6 131 ratings 2 reviews
76147,76147:  Vulture's Trucker Robbery,1 Jan 2020 - 31 Dec 2020 (11m 30d),"$19.99, €24.36 | More",~€13.63,~€9.46,✭✭✭✩✩ 3.0 30 ratings
76148,76148:  Spider-Man vs. Doc Ock,1 Jan 2020 - 31 Dec 2020 (11m 30d),"$19.99, €29.23 | More",~€44.35,~€22.53,✭✭✭✩✩ 3.1 57 ratings
76149,76149:  The Menace of Mysterio,1 Jan 2020 - 31 Dec 2020 (11m 30d),"$29.99, €34.99 | More",~€24.63,~€5.46,✭✭✭✩✩ 3.2 36 ratings
76150,76150:  Spiderjet vs. Venom Mech,1 Jan 2020 - 31 Jul 2021 (1y 6m 29d),"$29.99, €39.99 | More",~€47.68,~€35.84,✭✭✭✭✩ 3.4 85 ratings
76151,76151:  Venomosaurus Ambush,1 Jun 2020 - 31 Dec 2021 (1y 6m 30d),"$79.99, €79.99 | More",~€79.14,~€41.40,✭✭✭✭✩ 3.9 52 ratings
76152,76152:  Avengers Wrath of Loki,1 Jun 2020 - 31 Dec 2021 (1y 6m 30d),"$59.99, €59.99 | More",~€58.09,~€42.04,✭✭✭✩✩ 3.2 25 ratings
76153,76153:  Avengers Helicarrier,1 Jun 2020 - 31 Dec 2021 (1y 6m 30d),"$119.99, €119.99 | More",~€134.63,~€90.98,✭✭✭✭✩ 4.0 82 ratings
76154,76154:  Deviant Ambush!,1 Oct 2021 - 31 Dec 2022 (1y 2m 29d),"$24.99, €19.99 | More",~€12.78,~€10.14,✭✭✭✭✩ 3.6 127 ratings Brickset review
76155,76155:  In Arishem's Shadow,1 Oct 2021 - 31 Dec 2022 (1y 2m 29d),"$59.99, €69.99 | More",~€30.18,~€22.27,✭✭✭✭✩ 3.8 142 ratings 1 review Brickset review
76156,76156:  Rise of the Domo,1 Oct 2021 - 31 Dec 2022 (1y 2m 29d),"$89.99, €99.99 | More",~€73.99,~€35.74,✭✭✭✭✩ 4.0 119 ratings Brickset review
76162,76162:  Black Widow's Helicopter Chase,1 Mar 2020 - 31 Dec 2021 (1y 10m),"$29.99, €29.99 | More",~€48.84,~€20.02,✭✭✭✭✩ 3.7 149 ratings 1 review
76163,76163:  Venom Crawler,1 Mar 2020 - 31 Dec 2021 (1y 10m),"$29.99, €29.99 | More",~€44.82,~€17.04,✭✭✭✭✩ 3.8 57 ratings
76164,76164:  Iron Man Hulkbuster versus A.I.M. Agent,1 Aug 2020 - 31 Dec 2021 (1y 4m 30d),"$39.99, €39.99 | More",~€43.45,~€31.84,✭✭✭✭✩ 3.6 85 ratings 1 review Brickset review
76165,76165:  Iron Man Helmet,1 Aug 2020 - 31 Dec 2021 (1y 4m 30d),"$59.99, €59.99 | More",~€111.51,~€71.19,✭✭✭✭✩ 3.9 165 ratings 1 review Brickset review
76166,76166:  Avengers Tower Battle,1 Aug 2020 - 31 Dec 2021 (1y 4m 30d),"$89.99, €89.99 | More",~€105.10,~€82.86,✭✭✭✭✭ 4.3 198 ratings 1 review
76167,76167:  Iron Man Armory,1 Aug 2020 - 31 Dec 2021 (1y 4m 30d),"$29.99, €29.99 | More",~€45.87,~€31.90,✭✭✭✭✩ 3.8 156 ratings 1 review Brickset review
76168,76168:  Captain America Mech Armor,1 Jan 2021 - 31 Dec 2021 (11m 29d),"$9.99, €9.99 | More",~€18.00,~€9.47,✭✭✭✭✩ 3.6 146 ratings 2 reviews Brickset review
76169,76169:  Thor Mech Armor,1 Jan 2021 - 31 Dec 2021 (11m 29d),"$9.99, €9.99 | More",~€13.62,~€6.53,✭✭✭✭✩ 3.5 128 ratings 1 review Brickset review
76170,76170:  Iron Man vs. Thanos,1 Mar 2021 - 31 Dec 2021 (10m),"$19.99, €19.99 | More",~€17.88,~€14.84,✭✭✭✭✩ 3.5 22 ratings Brickset review
76171,76171:  Miles Morales Mech Armor,1 Jan 2021 - 31 Dec 2021 (11m 29d),"$9.99, €9.99 | More",~€15.35,~€8.20,✭✭✭✭✩ 3.5 171 ratings 1 review Brickset review
76172,76172:  Spider-Man and Sandman Showdown,1 Jan 2021 - 31 Dec 2021 (11m 29d),"$9.99, €9.99 | More",~€14.33,~€3.51,✭✭✭✭✩ 3.4 50 ratings 2 reviews Brickset review
76173,76173:  Spider-Man and Ghost Rider vs. Carnage,1 Jan 2021 - 31 Dec 2021 (11m 29d),"$19.99, €19.99 | More",~€25.68,~€16.52,✭✭✭✭✩ 4.0 177 ratings 5 reviews Brickset review
76174,76174:  Spider-Man's Monster Truck vs. Mysterio,1 Jan 2021 - 31 Dec 2021 (11m 29d),"$39.99, €49.99 | More",~€41.60,~€33.32,✭✭✭✭✩ 3.4 62 ratings Brickset review
76175,76175:  Attack on the Spider Lair,1 Mar 2021 - 31 Dec 2022 (1y 10m),"$69.99, €79.99 | More",~€63.73,~€36.95,✭✭✭✭✩ 3.8 69 ratings 1 review Brickset review
76176,76176:  Escape from The Ten Rings,26 Apr 2021 - 31 Dec 2022 (1y 8m 5d),"$29.99, €29.99 | More",~€16.68,~€9.28,✭✭✭✩✩ 3.1 78 ratings
76177,76177:  Battle at the Ancient Village,26 Apr 2021 - 31 Dec 2022 (1y 8m 5d),"$39.99, €39.99 | More",~€28.08,~€18.55,✭✭✭✭✩ 3.8 126 ratings 1 review
76178,76178:  Daily Bugle,1 Jun 2021 - {t.b.a},"$349.99, €349.99 | More",Precio nuevo no disponible,Precio usado no disponible,✭✭✭✭✭ 4.5 472 ratings 5 reviews Brickset review
76184,76184:  Spider-Man vs. Mysterio's Drone Attack,1 Oct 2021 - 31 Dec 2022 (1y 2m 29d),"$19.99, €19.99 | More",~€16.42,~€15.92,✭✭✭✩✩ 3.0 80 ratings
76185,76185:  Spider-Man at the Sanctum Workshop,1 Oct 2021 - 31 Dec 2022 (1y 2m 29d),"$39.99, €39.99 | More",~€36.72,~€20.62,✭✭✭✭✩ 3.7 162 ratings 3 reviews
76186,76186:  Black Panther Dragon Flyer,1 Jun 2021 - 31 Dec 2022 (1y 6m 30d),"$19.99, €19.99 | More",~€14.15,~€8.93,✭✭✭✭✩ 3.8 181 ratings 1 review Brickset review
76187,76187:  Venom,26 Apr 2021 - 31 Dec 2023 (2y 8m 5d),"$69.99, €69.99 | More",~€58.60,~€31.37,✭✭✭✭✭ 4.3 90 ratings 2 reviews Brickset review
76189,76189:  Captain America and Hydra Face-Off,1 Jun 2021 - 31 Dec 2022 (1y 6m 30d),"$9.99, €9.99 | More",~€8.45,~€3.48,✭✭✭✩✩ 3.1 91 ratings Brickset review
76190,76190:  Iron Man: Iron Monger Mayhem,1 Jun 2021 - 31 Dec 2022 (1y 6m 30d),"$39.99, €39.99 | More",~€31.81,~€28.27,✭✭✭✭✩ 3.8 182 ratings 2 reviews Brickset review
76191,76191:  Infinity Gauntlet,1 Jun 2021 - {t.b.a},"$79.99, €89.99 | More",Precio nuevo no disponible,Precio usado no disponible,✭✭✭✭✭ 4.3 258 ratings 5 reviews Brickset review
76192,76192:  Avengers: Endgame Final Battle,1 Jun 2021 - 31 Dec 2022 (1y 6m 30d),"$69.99, €89.99 | More",~€56.78,~€43.60,✭✭✭✭✩ 3.9 182 ratings 1 review Brickset review
76193,76193:  The Guardians' Ship,1 Jun 2021 - 31 Dec 2023 (2y 6m 29d),"$159.99, €159.99 | More",~€131.37,~€93.77,✭✭✭✭✭ 4.6 354 ratings 6 reviews Brickset review
76194,76194:  Tony Stark's Sakaarian Iron Man,1 Aug 2021 - 31 Dec 2022 (1y 4m 30d),"$34.99, €34.99 | More",~€25.52,~€18.55,✭✭✭✭✩ 3.6 111 ratings Brickset review
76195,76195:  Spider-Man's Drone Duel,1 Oct 2021 - 31 Dec 2022 (1y 2m 29d),"$19.99, €19.99 | More",~€16.80,~€11.13,✭✭✭✭✩ 3.4 142 ratings Brickset review
76196,76196:  The Avengers Advent Calendar,1 Sep 2021 - 31 Dec 2021 (3m 29d),"$39.99, €29.99 | More",~€33.55,~€24.89,✭✭✭✭✩ 3.8 125 ratings
76198,76198:  Spider-Man & Doctor Octopus Mech Battle,26 Apr 2021 - 31 Dec 2022 (1y 8m 5d),"$19.99, €19.99 | More",~€26.80,~€25.98,✭✭✭✭✩ 3.3 45 ratings Brickset review
76199,76199:  Carnage,1 May 2021 - 31 Dec 2022 (1y 8m),"$59.99, €59.99 | More",~€76.51,~€52.72,✭✭✭✭✩ 4.0 60 ratings Brickset review
76200,76200:  Bro Thor's New Asgard,1 Aug 2021 - 31 Dec 2022 (1y 4m 30d),"$29.99, €29.99 | More",~€26.23,~€18.93,✭✭✭✭✩ 4.2 271 ratings 2 reviews Brickset review
76201,76201:  Captain Carter & The Hydra Stomper,1 Aug 2021 - 31 Dec 2022 (1y 4m 30d),"$29.99, €29.99 | More",~€23.93,~€16.70,✭✭✭✭✩ 3.6 100 ratings Brickset review
76202,76202:  Wolverine Mech Armor,1 Apr 2022 - 31 Dec 2022 (9m),"$9.99, €9.99 | More",~€8.95,~€5.08,✭✭✭✭✩ 3.7 222 ratings 2 reviews Brickset review
76203,76203:  Iron Man Mech Armor,1 Apr 2022 - 31 Dec 2022 (9m),"$9.99, €9.99 | More",~€11.80,~€5.71,✭✭✭✭✩ 3.3 101 ratings Brickset review
76204,76204:  Black Panther Mech Armor,1 Apr 2022 - 31 Dec 2022 (9m),"$9.99, €9.99 | More",~€9.47,~€5.54,✭✭✭✭✩ 3.4 114 ratings Brickset review
76205,76205:  Gargantos Showdown,1 Jan 2022 - 31 Dec 2022 (11m 29d),"$29.99, €29.99 | More",~€20.46,~€12.52,✭✭✭✭✩ 4.0 252 ratings 1 review Brickset review
76206,76206:  Iron Man Figure,1 Jan 2022 - 31 Dec 2023 (1y 11m 28d),"$39.99, €44.99 | More",~€28.94,~€18.52,✭✭✭✭✩ 3.6 55 ratings Brickset review
76207,76207:  Attack on New Asgard,26 Apr 2022 - 31 Dec 2023 (1y 8m 5d),"$19.99, €19.99 | More",~€13.06,~€4.51,✭✭✭✩✩ 3.0 80 ratings 1 review
76208,76208:  The Goat Boat,26 Apr 2022 - 31 Dec 2023 (1y 8m 5d),"$59.99, €59.99 | More",~€35.41,~€27.92,✭✭✭✭✩ 4.1 179 ratings 1 review Brickset review
76209,76209:  Thor's Hammer,1 Mar 2022 - 31 Dec 2023 (1y 10m),"$99.99, €119.99 | More",~€142.76,~€120.73,✭✭✭✭✭ 4.4 94 ratings 3 reviews Brickset review
76210,76210:  Hulkbuster,4 Nov 2022 - 31 Dec 2024 (2y 1m 27d),"$549.99, €549.99 | More",Precio nuevo no disponible,Precio usado no disponible,✭✭✭✭✩ 3.6 21 ratings Brickset review
76211,76211:  Shuri's Sunbird,1 Oct 2022 - 31 Dec 2023 (1y 2m 29d),"$49.99, €49.99 | More",~€21.18,~€13.92,✭✭✭✭✩ 3.6 70 ratings
76212,76212:  Shuri's Lab,1 Oct 2022 - 31 Dec 2023 (1y 2m 29d),"$9.99, €9.99 | More",~€6.68,Precio usado no disponible,✭✭✭✩✩ 3.2 66 ratings
76213,76213:  King Namor's Throne Room,1 Oct 2022 - 31 Dec 2023 (1y 2m 29d),"$34.99, €34.99 | More",~€13.92,~€10.42,✭✭✭✭✩ 3.7 95 ratings Brickset review
76214,76214:  Black Panther: War on the Water,1 Oct 2022 - 31 Dec 2023 (1y 2m 29d),"$89.99, €89.99 | More",~€31.01,~€46.39,✭✭✭✭✩ 3.5 66 ratings Brickset review
76215,76215:  Black Panther,1 Oct 2022 - 31 Dec 2023 (1y 2m 29d),"$349.99, €349.99 | More",~€185.24,~€151.84,✭✭✭✭✩ 3.6 21 ratings Brickset review
76216,76216:  Iron Man Armory,1 Jun 2022 - 31 Dec 2023 (1y 6m 30d),"$89.99, €89.99 | More",~€58.20,~€41.75,✭✭✭✭✩ 3.6 111 ratings 1 review
76217,76217:  I am Groot,1 Jun 2022 - 31 Dec 2024 (2y 7m),"$54.99, €49.99 | More",Precio nuevo no disponible,Precio usado no disponible,✭✭✭✭✩ 4.1 158 ratings 2 reviews Brickset review
76218,76218:  Sanctum Sanctorum,1 Aug 2022 - {t.b.a},"$249.99, €249.99 | More",~€187.08,~€157.70,✭✭✭✭✭ 4.5 305 ratings 3 reviews
76219,76219:  Spider-Man & Green Goblin Mech Battle,1 Apr 2022 - 31 Dec 2022 (9m),"$19.99, €19.99 | More",~€26.25,~€23.19,Brickset review
76223,76223:  Nano Gauntlet,1 Aug 2022 - {t.b.a},"$69.99, €69.99 | More",Precio nuevo no disponible,Precio usado no disponible,✭✭✭✭✩ 4.2 66 ratings Brickset review
76225,76225:  Miles Morales Figure,1 Sep 2022 - 31 Dec 2023 (1y 3m 29d),"$24.99, €29.99 | More",~€19.52,~€15.37,Brickset review
76226,76226:  Spider-Man Figure,1 Sep 2022 - 31 Dec 2024 (2y 3m 30d),"$24.99, €29.99 | More",Precio nuevo no disponible,Precio usado no disponible,✭✭✭✭✩ 3.9 21 ratings Brickset review
76230,76230:  Venom Figure,1 Sep 2022 - 31 Dec 2023 (1y 3m 29d),"$24.99, €29.99 | More",~€23.84,~€19.76,✭✭✭✭✩ 4.0 25 ratings Brickset review
76231,76231:  Guardians of the Galaxy Advent Calendar,1 Sep 2022 - 31 Dec 2022 (3m 29d),"$44.99, €34.99 | More",~€27.91,~€16.84,✭✭✭✭✩ 3.6 122 ratings 1 review
76232,76232:  The Hoopty,1 Oct 2023 - 31 Dec 2024 (1y 3m),"$89.99, €94.99 | More",Precio nuevo no disponible,Precio usado no disponible,✭✭✭✭✩ 3.3 20 ratings Brickset review
76237,76237:  Sanctuary II: Endgame Battle,1 Oct 2021 - 31 Dec 2022 (1y 2m 29d),"$39.99, €39.99 | More",~€39.44,~€21.43,✭✭✭✭✩ 3.5 80 ratings 1 review
76241,76241:  Hulk Mech Armor,1 Jan 2023 - 31 Dec 2024 (1y 11m 29d),"$14.99, €14.99 | More",Precio nuevo no disponible,Precio usado no disponible,✭✭✭✭✩ 3.4 62 ratings
76242,76242:  Thanos Mech Armor,1 Jan 2023 - 31 Dec 2023 (11m 29d),"$14.99, €14.99 | More",~€12.39,~€6.86,✭✭✭✭✩ 3.4 54 ratings 2 reviews
76243,76243:  Rocket Mech Armor,1 Jan 2023 - 31 Dec 2024 (1y 11m 29d),"$14.99, €14.99 | More",Precio nuevo no disponible,Precio usado no disponible,✭✭✭✭✩ 3.4 56 ratings
76244,76244:  Miles Morales vs. Morbius,1 Jan 2023 - 31 Dec 2024 (1y 11m 29d),"$24.99, €24.99 | More",Precio nuevo no disponible,Precio usado no disponible,✭✭✭✭✩ 3.6 116 ratings 2 reviews Brickset review
76245,76245:  Ghost Rider Mech & Bike,1 Jan 2023 - 31 Dec 2024 (1y 11m 29d),"$34.99, €34.99 | More",Precio nuevo no disponible,Precio usado no disponible,✭✭✭✭✩ 3.5 42 ratings Brickset review
76247,76247:  The Hulkbuster: The Battle of Wakanda,1 Jan 2023 - 31 Dec 2024 (1y 11m 29d),"$49.99, €49.99 | More",Precio nuevo no disponible,Precio usado no disponible,✭✭✭✭✩ 4.0 84 ratings 1 review Brickset review
76248,76248:  The Avengers Quinjet,1 Jan 2023 - 31 Dec 2024 (1y 11m 29d),"$99.99, €99.99 | More",Precio nuevo no disponible,Precio usado no disponible,✭✭✭✭✭ 4.3 146 ratings 1 review
76249,76249:  Venomized Groot,1 Aug 2023 - 31 Dec 2024 (1y 5m),"$49.99, €52.99 | More",Precio nuevo no disponible,Precio usado no disponible,✭✭✭✭✩ 3.9 20 ratings
76250,76250:  Wolverine's Adamantium Claws,1 Aug 2023 - 31 Dec 2024 (1y 5m),"$69.99, €74.99 | More",Precio nuevo no disponible,Precio usado no disponible,Brickset review
76251,76251:  Star-Lord's Helmet,1 Apr 2023 - 31 Dec 2024 (1y 9m),"$79.99, €79.99 | More",Precio nuevo no disponible,Precio usado no disponible,✭✭✭✭✭ 4.4 28 ratings Brickset review
76253,76253:  Guardians of the Galaxy Headquarters,1 Apr 2023 - 31 Dec 2023 (9m),"$9.99, €9.99 | More",~€6.44,~€6.59,✭✭✭✭✩ 3.6 135 ratings 2 reviews Brickset review
76254,76254:  Baby Rocket's Ship,1 Apr 2023 - 31 Dec 2024 (1y 9m),"$34.99, €34.99 | More",Precio nuevo no disponible,Precio usado no disponible,✭✭✭✭✩ 3.8 84 ratings Brickset review
76255,76255:  The New Guardians' Ship,1 Apr 2023 - 31 Dec 2023 (9m),"$99.99, €99.99 | More",~€83.45,~€29.68,✭✭✭✭✩ 4.2 116 ratings 2 reviews
76256,76256:  Ant-Man Construction Figure,1 May 2023 - 31 Dec 2024 (1y 8m 1d),"$29.99, €34.99 | More",Precio nuevo no disponible,Precio usado no disponible,✭✭✭✭✩ 3.7 34 ratings 1 review Brickset review
76257,76257:  Wolverine Construction Figure,1 Jun 2023 - 31 Dec 2024 (1y 7m),"$32.99, €37.99 | More",Precio nuevo no disponible,Precio usado no disponible,Brickset review
76258,76258:  Captain America Construction Figure,1 Jun 2023 - 31 Dec 2024 (1y 7m),"$32.99, €37.99 | More",Precio nuevo no disponible,Precio usado no disponible,Brickset review
76260,76260:  Black Widow & Captain America Motorcycles,1 Jun 2023 - 31 Dec 2024 (1y 7m),"$15.99, €15.99 | More",Precio nuevo no disponible,Precio usado no disponible,✭✭✭✭✩ 3.6 47 ratings Brickset review
76261,76261:  Spider-Man Final Battle,1 Aug 2023 - {t.b.a},"$109.99, €104.99 | More",Precio nuevo no disponible,Precio usado no disponible,✭✭✭✭✭ 4.3 131 ratings 1 review
76262,76262:  Captain America's Shield,1 Aug 2023 - 31 Dec 2024 (1y 5m),"$199.99, €209.99 | More",Precio nuevo no disponible,Precio usado no disponible,✭✭✭✭✩ 3.8 21 ratings Brickset review
76263,76263:  Iron Man Hulkbuster vs. Thanos,1 Aug 2023 - 31 Dec 2024 (1y 5m),"$26.99, €26.99 | More",Precio nuevo no disponible,Precio usado no disponible,Brickset review
76266,76266:  Endgame Final Battle,1 Aug 2023 - 31 Dec 2024 (1y 5m),"$99.99, €104.99 | More",Precio nuevo no disponible,Precio usado no disponible,✭✭✭✭✩ 3.7 34 ratings 1 review
76267,76267:  Avengers Advent Calendar,1 Sep 2023 - 31 Dec 2023 (3m 29d),"$44.99, €37.99 | More",~€25.27,~€22.27,✭✭✭✩✩ 3.0 57 ratings
76269,76269:  Avengers Tower,24 Nov 2023 - {t.b.a},"$499.99, €499.99 | More",Precio nuevo no disponible,Precio usado no disponible,✭✭✭✭✭ 4.4 110 ratings 3 reviews Brickset review
76275,76275:  Motorcycle Chase: Spider-Man vs. Doc Ock,1 Jan 2024 - 31 Dec 2024 (11m 30d),"$9.99, €9.99 | More",Precio nuevo no disponible,Precio usado no disponible,✭✭✭✭✩ 3.5 41 ratings Brickset review
76276,76276:  Venom Mech Armor vs. Miles Morales,1 Jan 2024 - {t.b.a},"$14.99, €14.99 | More",Precio nuevo no disponible,Precio usado no disponible,✭✭✭✭✩ 3.8 32 ratings 2 reviews
76277,76277:  War Machine Mech Armor,1 Jan 2024 - {t.b.a},"$14.99, €14.99 | More",Precio nuevo no disponible,Precio usado no disponible,✭✭✭✭✩ 4.0 54 ratings 1 review Brickset review
76278,76278:  Rocket's Warbird vs. Ronan,1 Jan 2024 - {t.b.a},"$37.99, €37.99 | More",Precio nuevo no disponible,Precio usado no disponible,✭✭✭✭✩ 3.7 42 ratings Brickset review
76279,76279:  Spider-Man Race Car & Venom Green Goblin,1 Jan 2024 - {t.b.a},"$34.99, €29.99 | More",Precio nuevo no disponible,Precio usado no disponible,
76280,76280:  Spider-Man vs. Sandman: Final Battle,1 Jan 2024 - {t.b.a},"$37.99, €37.99 | More",Precio nuevo no disponible,Precio usado no disponible,✭✭✭✭✩ 3.9 90 ratings 3 reviews
76281,76281:  X-Men X-Jet,1 Jan 2024 - {t.b.a},"$84.99, €84.99 | More",Precio nuevo no disponible,Precio usado no disponible,✭✭✭✭✩ 3.6 51 ratings 1 review
76282,76282:  Rocket & Baby Groot,1 Jan 2024 - {t.b.a},"$59.99, €59.99 | More",Precio nuevo no disponible,Precio usado no disponible,✭✭✭✭✩ 4.1 20 ratings
76284,76284:  Green Goblin Construction Figure,1 Apr 2024 - {t.b.a},"$34.99, €37.99 | More",Precio nuevo no disponible,Precio usado no disponible,
76285,76285:  Spider-Man's Mask,1 Jan 2024 - {t.b.a},"$69.99, €69.99 | More",Precio nuevo no disponible,Precio usado no disponible,✭✭✭✭✩ 4.2 22 ratings Brickset review
76286,76286:  The Milano Spaceship,1 Aug 2024 - {t.b.a},"$179.99, €179.99 | More",Precio nuevo no disponible,Precio usado no disponible,✭✭✭✭✭ 4.7 30 ratings 1 review Brickset review
76287,76287:  Iron Man with Bike and The Hulk,1 Aug 2024 - {t.b.a},"$14.99, €14.99 | More",Precio nuevo no disponible,Precio usado no disponible,
76288,76288:  Iron Man & Iron Legion vs. Hydra Soldier,1 Aug 2024 - {t.b.a},"$19.99, €21.99 | More",Precio nuevo no disponible,Precio usado no disponible,✭✭✭✭✩ 3.9 24 ratings 1 review Brickset review
76289,76289:  Thor vs. Surtur Construction Figure,1 Aug 2024 - {t.b.a},"$29.99, €29.99 | More",Precio nuevo no disponible,Precio usado no disponible,✭✭✭✭✭ 4.3 20 ratings Brickset review
76290,76290:  The Avengers vs. The Leviathan,1 Aug 2024 - {t.b.a},"$49.99, €49.99 | More",Precio nuevo no disponible,Precio usado no disponible,Brickset review
76291,76291:  The Avengers Assemble: Age of Ultron,1 Aug 2024 - {t.b.a},"$99.99, €99.99 | More",Precio nuevo no disponible,Precio usado no disponible,
76292,76292:  {?},Año no disponible,PVP no disponible,Precio nuevo no disponible,Precio usado no disponible,
76293,76293:  Spider-Man 2024 Advent Calendar,1 Sep 2024 - 31 Dec 2024 (3m 29d),"$44.99, €34.99 | More",Precio nuevo no disponible,Precio usado no disponible,
76294,76294:  X-Men: The X-Mansion,Año no disponible,"$329.99, €329.99 | More",Precio nuevo no disponible,Precio usado no disponible,Brickset review
76295,76295:  The Avengers Helicarrier,1 Aug 2024 - {t.b.a},"$79.99, €79.99 | More",Precio nuevo no disponible,Precio usado no disponible,Brickset review
76296,76296:  Sam Wilson Captain America Buildable Figure,Año no disponible,PVP no disponible,Precio nuevo no disponible,Precio usado no disponible,
76297,76297:  Dancing Groot,1 Aug 2024 - {t.b.a},"$44.99, €44.99 | More",Precio nuevo no disponible,Precio usado no disponible,
76298,76298:  Iron Spider-Man Construction Figure,1 Apr 2024 - {t.b.a},"$29.99, €34.99 | More",Precio nuevo no disponible,Precio usado no disponible,
77902,77902:  Captain Marvel and the Asis,Año no disponible,PVP no disponible,~€510.24,Precio usado no disponible,
77905,77905:  Taskmaster's Ambush,1 Oct 2020 - 31 Oct 2020 (30d),$39.99,~€59.29,~€48.68,✭✭✭✭✩ 4.0 65 ratings 2 reviews
242001,242001:  Spider-Man,Año no disponible,PVP no disponible,~€5.23,~€4.90,✭✭✭✭✩ 3.6 36 ratings
242002,242002:  Iron Man,Año no disponible,PVP no disponible,~€4.99,~€4.03,✭✭✭✭✩ 3.7 29 ratings
242003,242003:  Captain Marvel,Año no disponible,PVP no disponible,~€5.18,~€5.79,✭✭✭✭✩ 4.0 30 ratings
242104,242104:  Venom,Año no disponible,PVP no disponible,~€5.92,~€4.98,✭✭✭✭✩ 3.6 40 ratings
242105,242105:  Thor,Año no disponible,PVP no disponible,~€4.08,~€4.09,✭✭✭✭✩ 3.8 33 ratings
242106,242106:  Captain America,Año no disponible,PVP no disponible,~€5.47,~€5.72,✭✭✭✭✩ 4.1 32 ratings 1 review
242107,242107:  War Machine,Año no disponible,PVP no disponible,~€8.35,~€4.63,✭✭✭✭✩ 3.9 42 ratings 1 review
242108,242108:  Iron Spider,Año no disponible,PVP no disponible,~€5.29,~€1.35,✭✭✭✭✩ 3.8 34 ratings
242109,242109:  Black Widow,Año no disponible,PVP no disponible,~€3.71,~€3.53,✭✭✭✭✩ 4.1 20 ratings
242210,242210:  Iron Man,Año no disponible,PVP no disponible,~€4.73,~€3.79,
242211,242211:  Loki,Año no disponible,PVP no disponible,~€5.02,~€5.29,✭✭✭✭✭ 4.3 38 ratings
242212,242212:  Captain America,Año no disponible,PVP no disponible,~€5.02,Precio usado no disponible,✭✭✭✭✩ 3.6 21 ratings
242213,242213:  War Machine,Año no disponible,PVP no disponible,~€7.11,~€8.31,✭✭✭✭✩ 4.0 21 ratings
242214,242214:  Spider-Man,Año no disponible,PVP no disponible,~€3.58,~€4.14,
242215,242215:  Thanos,Año no disponible,PVP no disponible,~€4.17,~€5.05,
242216,242216:  Carnage,Año no disponible,PVP no disponible,~€5.08,~€5.02,
242217,242217:  Rescue and Drone,Año no disponible,PVP no disponible,~€5.25,~€5.20,
242316,242316:  Black Panther with Jet,Año no disponible,PVP no disponible,~€3.35,~€2.88,
242317,242317:  Doctor Strange,Año no disponible,PVP no disponible,~€4.21,Precio usado no disponible,
242318,242318:  Mighty Thor,Año no disponible,PVP no disponible,~€4.02,~€6.03,
242319,242319:  Groot,Año no disponible,PVP no disponible,~€4.56,Precio usado no disponible,
242320,242320:  Iron Man,Año no disponible,PVP no disponible,~€4.76,Precio usado no disponible,
242321,242321:  Captain Marvel,Año no disponible,PVP no disponible,~€5.30,Precio usado no disponible,
242401,242401:  War Machine,Año no disponible,PVP no disponible,~€4.66,~€4.94,
242402,242402:  Star-Lord,Año no disponible,PVP no disponible,~€3.86,Precio usado no disponible,
242403,242403:  Thor,Año no disponible,PVP no disponible,~€5.44,Precio usado no disponible,
242404,242404:  Rocket Raccoon,Año no disponible,PVP no disponible,~€5.28,Precio usado no disponible,
242405,242405:  Loki,Año no disponible,PVP no disponible,Precio nuevo no disponible,Precio usado no disponible,
682303,682303:  Miles Morales,Año no disponible,PVP no disponible,~€4.94,~€2.64,
682304,682304:  Green Goblin,Año no disponible,PVP no disponible,~€4.35,~€3.49,✭✭✭✭✩ 3.5 21 ratings
682305,682305:  Venom,Año no disponible,PVP no disponible,~€5.52,Precio usado no disponible,1 review
682306,682306:  Spider-Man,Año no disponible,PVP no disponible,~€4.31,Precio usado no disponible,
682401,682401:  Doc Ock,Año no disponible,PVP no disponible,~€4.35,Precio usado no disponible,
682402,682402:  Miles Morales,Año no disponible,PVP no disponible,~€4.04,Precio usado no disponible,
682403,682403:  Mysterio,Año no disponible,PVP no disponible,~€5.20,Precio usado no disponible,
682404,682404:  Spider-Man with Spider-Crawler,Año no disponible,PVP no disponible,~€4.40,Precio usado no disponible,
682405,682405:  Ghost-Spider,Año no disponible,PVP no disponible,~€5.50,Precio usado no disponible,
5000022,5000022:  Hulk,Año no disponible,PVP no disponible,~€22.43,~€11.67,✭✭✭✭✩ 3.7 63 ratings 7 reviews
5002125,5002125:  Electro,Año no disponible,PVP no disponible,~€10.76,~€10.44,✭✭✭✭✩ 4.1 79 ratings 4 reviews
5002145,5002145:  Rocket Raccoon,Año no disponible,$4.99,~€17.86,~€13.92,✭✭✭✭✩ 4.2 148 ratings 3 reviews
5002943,5002943:  Winter Soldier,Año no disponible,PVP no disponible,~€15.23,~€9.50,✭✭✭✭✩ 3.9 182 ratings 4 reviews Brickset review
5002946,5002946:  Silver Centurion,Año no disponible,PVP no disponible,~€82.74,~€60.30,✭✭✭✭✭ 4.5 176 ratings 5 reviews Brickset review
5003084,5003084:  The Hulk,Año no disponible,PVP no disponible,~€23.67,~€16.50,✭✭✭✭✩ 3.6 101 ratings 3 reviews Brickset review
5005256,5005256:  Marvel Super Heroes Minifigure Collection,Año no disponible,PVP no disponible,~€73.36,~€59.30,✭✭✭✭✭ 4.4 189 ratings 3 reviews Brickset review
5009015,5009015:  Cerebro,Año no disponible,PVP no disponible,Precio nuevo no disponible,Precio usado no disponible,
6250093,6250093:  Iron Man Mosaic,Año no disponible,PVP no disponible,Precio nuevo no disponible,Precio usado no disponible,
6487481,6487481:  Taxi,Año no disponible,PVP no disponible,Precio nuevo no disponible,Precio usado no disponible,✭✭✭✭✩ 3.6 27 ratings
6487483,6487483:  Taxi,Año no disponible,PVP no disponible,~€46.09,~€37.11,
Código no disponible,Mini Captain Marvel Ship,Año no disponible,PVP no disponible,Precio nuevo no disponible,Precio usado no disponible,
Código no disponible,Phoenix (SDCC 2012 exclusive),Año no disponible,PVP no disponible,~€944.81,Precio usado no disponible,
Código no disponible,Spider-Man in Black Symbiote Costume,Año no disponible,PVP no disponible,~€1580.86,~€232.50,
Código no disponible,Spider-Woman,Año no disponible,PVP no disponible,~€4074.96,Precio usado no disponible,
Código no disponible,Spider-Man,Año no disponible,PVP no disponible,~€8140.34,Precio usado no disponible,
Código no disponible,Rocket Raccoon's Warbird,Año no disponible,$39.99,~€460.29,~€155.70,1 review
Código no disponible,The Collector,Año no disponible,PVP no disponible,~€1129.55,Precio usado no disponible,
Código no disponible,Iron Man Mosaic,Año no disponible,PVP no disponible,Precio nuevo no disponible,Precio usado no disponible,
Código no disponible,Iron Man & Captain America (2012 Collectors Preview),Año no disponible,PVP no disponible,Precio nuevo no disponible,Precio usado no disponible,
Código no disponible,Throne of Ultron,Año no disponible,$39.99,Precio nuevo no disponible,Precio usado no disponible,
Código no disponible,All New Captain America (Sam Wilson),Año no disponible,PVP no disponible,Precio nuevo no disponible,Precio usado no disponible,
Código no disponible,Steve Rogers Captain America,Año no disponible,PVP no disponible,Precio nuevo no disponible,Precio usado no disponible,
Código no disponible,Deadpool Duck,Año no disponible,PVP no disponible,Precio nuevo no disponible,Precio usado no disponible,
Código no disponible,Sheriff Deadpool,Año no disponible,PVP no disponible,Precio nuevo no disponible,Precio usado no disponible,
Código no disponible,PS4 Spider-Man,Año no disponible,PVP no disponible,Precio nuevo no disponible,Precio usado no disponible,
Código no disponible,Classic Suit Miles Morales,Año no disponible,PVP no disponible,Precio nuevo no disponible,Precio usado no disponible,
Código no disponible,Stormbreaker,Año no disponible,PVP no disponible,Precio nuevo no disponible,Precio usado no disponible,
Código no disponible,Captain America's Shield,Año no disponible,PVP no disponible,Precio nuevo no disponible,Precio usado no disponible,
Código no disponible,Spider-Man,Año no disponible,PVP no disponible,Precio nuevo no disponible,~€13.92,
